a.talk_id,b.name
t-2b500145,Connected Data London 2026
t-bb8e4eeb,Connected Data London 2025
t-70fe8160,Connected Data London 2025
t-69ac2111,Connected Data London 2025
t-5ef78cf3,Connected Data London 2025
t-4d22576a,Connected Data London 2025
t-9be89c29,Connected Data London 2025
t-4d14fb44,Connected Data London 2025
t-238a2d86,Connected Data London 2025
t-3d449d12,Connected Data London 2025
t-1b431b3b,Connected Data London 2025
t-d94392c0,Connected Data London 2025
t-33420f7e,Connected Data London 2025
t-940502b1,Connected Data London 2025
t-ba8a020a,Connected Data London 2025
t-7dbe0811,Connected Data London 2025
t-32f5efe3,Connected Data London 2025
t-520f1252,Connected Data London 2025
t-b0e6fe76,Connected Data London 2025
t-b17530c8,Connected Data London 2025
t-b075a0ce,Connected Data London 2025
t-8d6a15b7,Connected Data London 2025
t-f3d22d85,Connected Data London 2025
t-d8792664,Connected Data London 2025
t-17bb3957,Connected Data London 2025
t-4067147c,Connected Data London 2025
t-fd6e1e02,Connected Data London 2025
t-bb191fc8,Connected Data London 2025
t-6ff71951,Connected Data London 2025
t-c54b3f4f,Connected Data London 2025
t-694de5cb,Connected Data London 2025
t-facd3870,Connected Data London 2025
t-de118983,Connected Data London 2025
t-3f14ba0d,Connected Data London 2025
t-83f0bd2b,Connected Data London 2025
t-567a5549,Connected Data London 2025
t-a20fbaef,Connected Data London 2025
t-c757e47d,Connected Data London 2025
t-212ac11c,Connected Data London 2025
t-4d7e513d,Connected Data London 2025
t-4793d8f0,Connected Data London 2025
t-6836feec,Connected Data London 2025
t-02b217d0,Connected Data London 2025
t-9a4ba1a5,Connected Data London 2025
t-8ec22175,Connected Data London 2025
t-8beefbda,Connected Data London 2025
t-45bc4cc6,Connected Data London 2025
t-b70f68f8,Connected Data London 2025
t-0af65240,Connected Data London 2025
t-63c4da30,Connected Data London 2025
t-8625fbfc,Connected Data London 2025
t-5b4e027e,Connected Data London 2025
t-4f45e3c1,Connected Data London 2025
t-a1e78f49,Connected Data London 2019
t-203ab05d,Connected Data London 2019
t-c8d768f7,Connected Data London 2019
t-851a2fe0,Connected Data London 2019
t-b9a30b4e,Connected Data London 2019
t-5939695d,Connected Data London 2019
t-158ffb0b,Connected Data London 2019
t-a23f5059,Connected Data London 2019
t-8b1d8d94,Connected Data London 2019
t-909705c3,Connected Data London 2019
t-f3660ad6,Connected Data London 2019
t-5d54e3d9,Connected Data London 2019
t-bda83413,Connected Data London 2019
t-32fa4461,Connected Data London 2019
t-e76aa6da,Connected Data London 2019
t-0a915f2b,Connected Data London 2019
t-56974550,Connected Data London 2019
t-23d38fa8,Connected Data London 2019
t-cb294727,Connected Data London 2019
t-7ca861d9,Connected Data London 2019
t-a8b7c110,Connected Data London 2019
t-6fa665b4,Connected Data London 2019
t-ec250553,Connected Data London 2019
t-186465ae,Connected Data London 2019
t-da05eb0d,Connected Data London 2019
t-4508f06d,Connected Data London 2019
t-e577c38d,Connected Data London 2019
t-0371578d,Connected Data London 2019
t-9d850db4,Connected Data London 2019
t-a1921b82,Connected Data London 2019
t-6e47c4ed,Connected Data London 2019
t-a654aaef,Connected Data World 2021
t-f226cc58,Connected Data World 2021
t-a81054f0,Connected Data World 2021
t-5c4bcd15,Connected Data World 2021
t-966508ee,Connected Data World 2021
t-91e4ff4b,Connected Data World 2021
t-c6abfb51,Connected Data World 2021
t-e87b193e,Connected Data World 2021
t-4496eac1,Connected Data World 2021
t-e1e9fc1a,Connected Data World 2021
t-dadc4ebf,Connected Data World 2021
t-e878f8ef,Connected Data World 2021
t-75954b6a,Connected Data World 2021
t-06355617,Connected Data World 2021
t-711685df,Connected Data World 2021
t-ffab5550,Connected Data World 2021
t-cc94ba9a,Connected Data World 2021
t-9cc83d10,Connected Data World 2021
t-231d37ed,Connected Data World 2021
t-ec0f5775,Connected Data World 2021
t-792c8043,Connected Data World 2021
t-7ac96a68,Connected Data World 2021
t-f1523e6a,Connected Data World 2021
t-f8734fe4,Connected Data World 2021
t-e59f2e11,Connected Data World 2021
t-837b1c30,Connected Data World 2021
t-a674751f,Connected Data World 2021
t-75ec9bb5,Connected Data World 2021
t-ac27b722,Connected Data World 2021
t-21c6c2c4,Connected Data World 2021
t-c9b1eee4,Connected Data World 2021
t-561733aa,Connected Data World 2021
t-0415c386,Connected Data World 2021
t-18eae410,Connected Data World 2021
t-69996db8,Connected Data World 2021
t-53009b49,Connected Data World 2021
t-4d120139,Connected Data World 2021
t-4bd0754d,Connected Data World 2021
t-aaf194fa,Connected Data World 2021
t-a88a459a,Connected Data World 2021
t-c3247612,Connected Data World 2021
t-3de77131,Connected Data World 2021
t-4677fc5a,Connected Data World 2021
t-d7dbb358,Connected Data World 2021
t-336f4f2e,Connected Data World 2021
t-b44a5553,Connected Data World 2021
t-49841368,Connected Data World 2021
t-aceeb502,Connected Data World 2021
t-ea0ad9de,Connected Data World 2021
t-512aada1,Connected Data World 2021
t-77992ebe,Connected Data World 2021
t-75d097c1,Connected Data World 2021
t-cd907d9e,Connected Data World 2021
t-836da9a8,Connected Data World 2021
t-69ef7eb2,Connected Data World 2021
t-4bb48550,"Connected Data London Meetup, April 2021"
t-ce60a978,"Connected Data London Meetup, April 2021"
t-0c8afbc2,"Connected Data London Meetup, April 2021"
t-2fc9e3cf,"Connected Data London Meetup, April 2021"
t-67544187,"Connected Data London Meetup, April 2021"
t-1a13a0c9,"Connected Data London Meetup, April 2021"
t-6dba3faa,"Connected Data London Meetup, April 2021"
t-373edc4f,"Connected Data London Meetup, April 2021"
t-618d24a2,Knowledge Connexions 2020
t-06361396,Knowledge Connexions 2020
t-1ec2f46f,Knowledge Connexions 2020
t-a22e3e2b,Knowledge Connexions 2020
t-abf490a8,Knowledge Connexions 2020
t-ea77ef84,Knowledge Connexions 2020
t-33b09974,Knowledge Connexions 2020
t-e739d8e4,Knowledge Connexions 2020
t-07b04e2c,Knowledge Connexions 2020
t-8998e62d,Knowledge Connexions 2020
t-81bb281f,Knowledge Connexions 2020
t-501e3e9e,Knowledge Connexions 2020
t-eb7fef0d,Knowledge Connexions 2020
t-68f6d9c2,Knowledge Connexions 2020
t-08022464,Knowledge Connexions 2020
t-bb1926d0,Knowledge Connexions 2020
t-7a49610c,Knowledge Connexions 2020
t-ef6f784e,Knowledge Connexions 2020
t-214bb3b2,Knowledge Connexions 2020
t-c6f08642,Knowledge Connexions 2020
t-52362437,Knowledge Connexions 2020
t-61497379,Knowledge Connexions 2020
t-a9da4e94,Knowledge Connexions 2020
t-99c3306b,Knowledge Connexions 2020
t-0f507d87,Knowledge Connexions 2020
t-175458f8,Knowledge Connexions 2020
t-16a135b2,Knowledge Connexions 2020
t-d2aff58a,Knowledge Connexions 2020
t-cb4d4ea2,Knowledge Connexions 2020
t-68cbd256,Knowledge Connexions 2020
t-2b33bd3a,Knowledge Connexions 2020
t-8c61bcc4,Knowledge Connexions 2020
t-8b65e4d2,Knowledge Connexions 2020
t-d50a517e,Knowledge Connexions 2020
t-138f9b4b,Knowledge Connexions 2020
t-8d162b91,Knowledge Connexions 2020
t-15220989,Knowledge Connexions 2020
t-dfc67760,Knowledge Connexions 2020
t-112b0c00,Knowledge Connexions 2020
t-9d1de2e2,Knowledge Connexions 2020
t-c339cef3,Connected Data London 2024
t-abc86824,Connected Data London 2024
t-4db75450,Connected Data London 2024
t-a515d394,Connected Data London 2024
t-1327d329,Connected Data London 2024
t-0952cf2f,Connected Data London 2024
t-c0bece22,Connected Data London 2024
t-730b53be,Connected Data London 2024
t-aea2e31f,Connected Data London 2024
t-4a28b507,Connected Data London 2024
t-647fcf1a,Connected Data London 2024
t-43e59285,Connected Data London 2024
t-5168886f,Connected Data London 2024
t-e8625385,Connected Data London 2024
t-11935d63,Connected Data London 2024
t-405d75ec,Connected Data London 2024
t-59ef248f,Connected Data London 2024
t-3fadcae1,Connected Data London 2024
t-33c42698,Connected Data London 2024
t-92e5462d,Connected Data London 2024
t-6b889fb4,Connected Data London 2024
t-8335a1b4,Connected Data London 2024
t-59d474b7,Connected Data London 2024
t-9ef2cac7,Connected Data London 2024
t-b9cc7afc,Connected Data London 2024
t-aae10ee3,Connected Data London 2024
t-a9d5f9c6,Connected Data London 2024
t-558af3d3,Connected Data London 2024
t-b3831dd7,Connected Data London 2024
t-dda2c180,Connected Data London 2024
t-09db30c6,Connected Data London 2024
t-67380f46,Connected Data London 2024
t-3200bbe4,Connected Data London 2024
t-34e993bd,Connected Data London 2024
t-7846c490,Connected Data London 2024
t-b8b8d13f,Connected Data London 2024
t-1876b46c,Connected Data London 2024
t-b4837d9d,Connected Data London 2024
t-54d3fa43,Connected Data London 2024
t-d47072bb,Connected Data London 2024
t-5d99da92,Connected Data London 2024
t-3b1f9de4,Connected Data London 2024
t-bf20d174,Connected Data London 2024
t-54642457,Connected Data London 2024
t-33b30235,Connected Data London 2024
t-e3e0f2b9,Connected Data London 2024
t-c45072b0,Connected Data London 2024
t-b35c1acd,Connected Data London 2024
t-a638ae6b,Connected Data London 2024
t-77bc44f4,Connected Data London 2024
t-15331856,Connected Data London 2024
t-a1d53d84,Connected Data London 2024
t-e2b27246,Connected Data London 2024
t-757aaaf6,Connected Data London 2024
t-a501a410,Connected Data London 2024
t-3460054a,Connected Data London 2024
t-d9c9fd9f,Connected Data London 2024
t-a1bbe65b,Connected Data London 2024
t-0186c756,Connected Data London 2024
t-a6dbd935,Connected Data London 2024
t-3e57f67e,Connected Data London 2024
t-88d49b6d,Connected Data London 2024
t-da804cc6,Connected Data London 2024
t-7e1d1eab,Connected Data London 2024
t-40259be2,Connected Data London 2024
t-b789cb43,"Connected Data London Meetup, April 2020"
t-a2eee5b4,"Connected Data London Meetup, September 2020"
t-59c13a2d,"Connected Data London Meetup, September 2020"
t-fed5e684,"Connected Data London Meetup, September 2020"
t-0c910090,Knowledge Graphs & Large Language Model integration: Real world examples. April 2024 Meetup
t-f4674e3a,Knowledge Graphs & Large Language Model integration: Real world examples. April 2024 Meetup
t-15f05b35,"Connected Data London Meetup, June 2020"
t-6b4537d8,"Connected Data London Meetup, June 2020"
t-d6fbb7e0,"Connected Data London Meetup, June 2020"
t-55745cb8,Connected Data London 2021
